,City,Cloudiness,Humidity,Lat,Lng,Max Temp,Wind Speed
Abu Samrah,Nuuk,0,81,64.17,-51.74,44.28,5.82
Acapulco,Ribeira Grande,50,72,38.52,-28.7,64.16,12.12
Adrar,Tilichiki,97,74,60.47,166.1,48.72,6.02
Agua Prieta,Soyo,0,82,-6.13,12.37,72.67,14.27
Airai,Punta Arenas,0,79,-53.16,-70.91,26.26,11.41
Ajdabiya,Half Moon Bay,100,77,37.46,-122.43,64.92,17.22
Aksha,Barrow,100,59,-38.31,-60.23,48.81,16.11
Alamogordo,Ponta do Sol,28,62,-20.63,-46.0,66.39,7.31
Albany,Naze,100,98,5.43,7.07,72.31,2.53
Alexandria,Kapaa,90,83,22.08,-159.32,79.54,8.05
Alice,Atuona,8,73,-9.8,-139.03,80.94,13.4
Alice Springs,Werda,0,41,-25.27,23.28,57.23,11.39
Aljezur,Vaini,75,100,15.34,74.49,69.8,5.82
Alofi,Jamestown,0,60,-33.21,138.6,61.84,16.58
Alto Araguaia,Albany,20,44,42.65,-73.75,74.08,5.82
Amahai,Oranjemund,5,85,-28.55,16.43,54.66,13.0
Amapa,Bozoum,100,97,6.31,16.38,66.81,2.91
Ampanihy,Boquira,0,48,-12.82,-42.73,71.61,7.4
Anadyr,Hermanus,93,95,-34.42,19.24,51.01,10.0
Ancud,Cidreira,0,88,-30.17,-50.22,60.15,11.65
Angoche,Bilibino,100,85,68.06,166.44,44.83,3.06
Anloga,Khunti,75,83,23.08,85.28,77.0,7.02
Aquiraz,Kodiak,1,62,39.95,-94.76,86.32,14.99
Aras,Bluff,46,66,-23.58,149.07,66.45,22.5
Arkhangelskoye,Tiksi,88,73,71.64,128.87,45.31,11.81
Arlit,Butaritari,0,68,3.07,172.79,84.18,10.42
Arraial do Cabo,Qaqortoq,62,70,60.72,-46.03,48.2,5.82
Atar,Urucara,9,78,-2.54,-57.76,78.06,2.66
Atasu,Hithadhoo,100,64,-0.6,73.08,84.57,4.03
Atikokan,Meadow Lake,75,46,54.13,-108.44,73.4,6.93
Atuona,Sorland,94,75,67.67,12.69,46.7,14.72
Auki,Coxim,0,49,-18.5,-54.75,75.9,4.97
Avarua,Buchanan,75,94,5.88,-10.05,75.2,9.17
Avera,Le Locle,0,73,47.06,6.75,72.03,8.05
Axim,North Bend,1,72,43.41,-124.22,61.02,14.99
Aykhal,Chiredzi,13,72,-21.05,31.67,56.58,1.88
Baghdad,Port Blair,100,78,11.67,92.75,84.01,25.41
Bagotville,Port Alfred,0,30,-33.59,26.89,68.0,4.0
Balkanabat,Abu Samrah,0,50,35.3,37.18,73.79,10.74
Bambous Virieux,Khatanga,80,62,71.98,102.47,61.32,2.28
Bandarbeyla,Ushuaia,40,92,-54.81,-68.31,28.4,16.11
Barrow,Carnarvon,0,27,-30.97,22.13,46.39,14.29
Basco,Yar-Sale,34,62,66.83,70.83,49.53,8.05
Batagay,Caravelas,0,82,-17.73,-39.27,73.05,8.5
Bathsheba,Arraial do Cabo,29,88,-22.97,-42.02,72.84,5.86
Bauska,Rocha,43,82,-34.48,-54.34,43.51,8.43
Baykit,Upernavik,50,84,72.79,-56.15,33.51,7.52
Bell Ville,Comodoro Rivadavia,0,74,-45.87,-67.48,30.2,10.29
Beloha,Rikitea,100,83,-23.12,-134.97,75.37,16.22
Belyy Yar,Lompoc,1,63,34.64,-120.46,69.26,16.11
Berdigestyakh,Mahebourg,75,88,-20.41,57.7,70.65,11.41
Beringovskiy,Port-de-Bouc,0,65,43.4,4.98,75.81,4.7
Berlevag,Tasiilaq,100,93,65.61,-37.64,42.8,5.82
Beroroha,Polyarnyy,75,86,69.2,33.45,41.0,6.71
Bethel,Brigham City,1,7,41.51,-112.02,85.32,8.05
Bezhanitsy,Hobart,75,58,-42.88,147.33,56.32,11.41
Bhairab Bazar,Lata,18,77,30.78,78.62,34.64,2.66
Biak,Killybegs,0,66,54.63,-8.45,64.99,5.99
Bilara,Itarema,4,84,-2.92,-39.92,76.53,6.98
Bilibino,Vidim,0,48,50.47,14.53,61.83,5.82
Bilma,Saint-Pierre,0,82,48.95,4.24,65.66,9.17
Biskupiec,Eureka,75,93,40.8,-124.16,60.21,6.93
Black Diamond,Lavrentiya,100,94,65.58,-170.99,48.52,6.82
Bluff,Taunggyi,93,93,20.78,97.03,68.25,6.13
Bo Phloi,Hilo,90,69,19.71,-155.08,77.86,9.17
Boa Vista,Egvekinot,100,95,66.32,-179.17,43.89,6.15
Bogorodskoye,Busselton,7,98,-33.64,115.35,41.29,22.17
Boguchany,Flin Flon,75,40,54.77,-101.88,71.6,8.05
Boissevain,Luanda,0,88,-8.83,13.24,68.0,3.36
Bonavista,Victoria,75,83,5.28,115.24,79.25,2.24
Bonthe,Iwanai,69,78,42.97,140.51,65.56,2.98
Boquira,Amapa,40,74,15.09,-87.97,84.2,11.41
Bozoum,Esperance,75,100,-33.86,121.89,44.6,17.22
Brae,Hasaki,75,94,35.73,140.83,77.5,1.12
Bredasdorp,Puerto Ayora,0,69,-0.74,-90.35,74.5,13.87
Brigham City,Bell Ville,14,72,-32.63,-62.69,49.08,8.14
Broken Hill,Madang,100,93,35.32,102.79,39.64,2.37
Broome,Tuktoyaktuk,75,70,69.44,-133.03,46.4,11.41
Buchanan,Aquiraz,40,78,-3.9,-38.39,80.26,12.75
Buckeye,Elizabeth City,20,66,36.3,-76.22,83.05,4.7
Bud,Puri,0,77,-7.54,112.45,72.4,14.7
Bulgan,Tanhacu,6,59,-14.02,-41.25,67.9,4.0
Burirao,Avarua,92,73,-21.21,-159.78,73.4,8.05
Busselton,Clyde River,1,49,70.47,-68.59,48.2,21.92
Butaritari,Desaguadero,0,41,-16.56,-69.04,36.91,2.35
Byron Bay,Arkhangelskoye,15,98,54.46,37.62,57.63,10.63
Cabo San Lucas,Ebeltoft,0,93,56.2,10.68,52.39,5.82
Calabozo,Sivas,0,93,39.75,37.01,53.85,8.05
Calamar,Bethel,20,53,60.79,-161.76,72.81,7.85
Calbuco,Severo-Kurilsk,100,90,50.68,156.12,41.93,8.86
Camacha,Trairi,14,94,-3.28,-39.27,72.1,3.4
Camapua,Miandrivazo,50,78,-19.53,45.46,68.91,1.95
Campo Maior,Flinders,20,77,-34.58,150.85,59.49,5.82
Canto do Buriti,Bambous Virieux,75,88,-20.34,57.76,70.7,11.41
Cape Town,Fort Smith,1,55,35.39,-94.42,88.68,6.93
Caravelas,Mandalgovi,97,80,45.76,106.27,49.09,19.75
Carnarvon,Vestmanna,100,100,62.16,-7.17,50.0,10.29
Castro,Cloquet,90,100,46.72,-92.46,65.97,3.44
Celestun,Ikom,100,98,5.96,8.72,72.94,3.02
Chapais,Upington,0,32,-28.46,21.24,55.4,11.41
Chernyshevskiy,Mar del Plata,7,46,-46.43,-67.52,31.0,9.28
Cherskiy,Aksha,100,79,50.28,113.29,57.59,9.8
Chifeng,Thompson,75,37,55.74,-97.86,69.8,4.7
Chintamani,Halifax,90,93,44.65,-63.58,52.88,9.17
Chiredzi,Faanui,46,77,-16.48,-151.75,79.59,9.6
Chokurdakh,Tautira,40,69,-17.73,-149.15,82.17,18.34
Chumikan,Port Elizabeth,1,74,39.31,-74.98,80.85,3.36
Chuy,Qaanaaq,18,51,77.48,-69.36,43.26,3.62
Cidreira,Nouadhibou,0,64,20.93,-17.03,71.6,21.92
Ciudad Bolivar,Springfield,75,42,42.1,-72.59,75.27,8.05
Cloquet,Norman Wells,75,30,65.28,-126.83,71.6,9.17
Clyde,Bilara,2,53,26.18,73.71,88.68,17.05
Clyde River,Terny,0,92,50.99,33.98,58.72,15.14
Coahuayana,Tingi,0,78,-11.3,35.03,58.65,1.83
Codrington,Dongsheng,98,87,29.72,112.52,81.48,8.52
Comodoro Rivadavia,Mataura,10,77,-46.19,168.86,51.01,3.0
Constitucion,Miraflores,0,24,-16.39,-71.52,55.4,6.93
Coolum Beach,Yerbogachen,13,46,61.28,108.01,74.15,3.65
Coquimbo,Nazret,0,81,8.55,39.27,63.53,10.45
Corrales,Ilulissat,71,80,69.22,-51.1,39.2,9.17
Coxim,Bathsheba,40,74,13.22,-59.52,82.4,23.04
Crisan,Saint George,0,64,39.45,22.34,72.45,3.31
Dalbandin,Castro,0,80,-42.48,-73.76,35.6,8.05
Dallas,North Platte,1,55,41.12,-100.77,88.27,3.36
Dalvik,Lagoa,0,52,37.14,-8.45,65.91,5.82
Den Helder,Prince Rupert,1,82,54.32,-130.32,60.8,6.93
Deputatskiy,Dinga,0,54,32.64,73.72,82.4,4.09
Desaguadero,Crisan,27,73,44.97,29.47,71.85,14.99
Dhidhdhoo,Iberia,0,73,-11.41,-69.49,75.19,3.27
Diego de Almagro,Lorengau,85,81,-2.02,147.27,82.02,6.76
Dikson,Tecoanapa,75,74,16.99,-99.26,86.0,9.17
Dinga,Luderitz,0,93,-26.65,15.16,48.2,2.24
Dingle,Beloha,26,90,-25.17,45.06,66.3,9.26
Doha,Hovd,75,87,63.83,10.7,48.88,13.87
Dois Vizinhos,Karratha,0,62,-20.74,116.85,66.82,18.75
Don Benito,Klaksvik,100,100,62.23,-6.59,50.0,10.29
Dongsheng,Paamiut,0,89,61.99,-49.67,40.85,12.91
Douentza,Dikson,91,96,73.51,80.55,33.97,5.37
Dudinka,Longyearbyen,90,80,78.22,15.63,33.8,19.46
Dunedin,Uchkeken,63,68,43.95,42.51,71.22,8.95
East London,Wajima,75,94,37.4,136.9,71.6,6.93
Ebeltoft,Wajir,17,58,1.75,40.07,75.45,18.01
Eger,Dalvik,0,87,57.79,14.13,46.67,1.12
Egvekinot,Houston,1,66,29.76,-95.37,81.14,5.7
Ekibastuz,Ishinomaki,75,88,38.42,141.3,69.8,13.87
Elizabeth City,Mayo,40,16,63.59,-135.9,77.0,10.29
Elko,Elko,1,16,40.83,-115.76,72.19,16.11
Emerald,Sao Filipe,0,86,14.9,-24.5,74.42,17.81
Erenhot,Shahreza,0,23,32.01,51.87,67.83,1.68
Esmeraldas,Talnakh,0,70,69.49,88.39,48.2,13.42
Esperance,Taltal,40,89,-25.41,-70.49,50.5,0.27
Esqueda,Fukue,75,83,35.03,136.69,79.18,10.29
Estelle,Saint-Philippe,20,53,45.36,-73.48,73.22,10.29
Eten,Rawson,99,63,-43.3,-65.11,37.2,17.74
Eureka,Shelabolikha,40,63,53.41,82.62,66.2,8.95
Faanui,Quatre Cocos,75,88,-20.21,57.76,70.74,11.41
Fernley,Axim,89,89,4.87,-2.24,76.65,8.68
Ferrol,Ekibastuz,24,84,51.72,75.32,50.28,4.7
Flin Flon,Bredasdorp,34,76,-34.53,20.04,55.4,17.22
Flinders,Sao Joao da Barra,0,88,-21.64,-41.05,73.4,3.36
Formosa,Ukrayinka,0,57,44.96,34.06,65.06,8.9
Fort Smith,Lesnoye,100,52,51.57,42.77,66.99,5.99
Fortuna,Guerrero Negro,2,85,27.97,-114.04,64.32,17.4
Fukue,Taizhou,92,73,32.48,119.91,84.92,7.9
Gamba,Mahibadhoo,37,73,3.78,72.97,83.42,6.82
Gambo,Chapais,90,68,49.78,-74.86,68.0,5.82
Georgetown,Yellowknife,40,29,62.45,-114.38,62.26,5.82
Geri,Saint Pete Beach,90,55,27.73,-82.74,86.45,3.36
Glendive,Biskupiec,0,87,53.87,20.96,50.34,6.76
Gloversville,Saldanha,0,75,41.42,-6.55,63.91,3.22
Goderich,Nanortalik,98,98,60.14,-45.24,37.74,3.31
Grand Gaube,Husavik,38,29,50.56,-96.99,78.6,4.34
Grindavik,Port Lincoln,89,64,-34.72,135.86,61.89,28.45
Guararapes,Pacific Grove,1,63,36.62,-121.92,70.27,11.41
Guerrero Negro,Camacha,20,72,33.08,-16.33,66.2,10.29
Half Moon Bay,Talcahuano,90,93,-36.72,-73.12,55.4,4.7
Halifax,Alto Araguaia,0,53,-17.32,-53.22,68.32,3.91
Hambantota,Adrar,0,8,27.87,-0.29,95.0,8.05
Hamilton,Moron,100,78,18.56,-74.26,81.6,2.93
Hasaki,Saint Anthony,20,31,43.97,-111.68,77.18,4.7
Hatillo,Kenora,75,34,49.76,-94.48,77.27,4.7
Hayden,Chokurdakh,0,38,70.62,147.9,60.15,11.14
Hermanus,Nicoya,75,74,10.15,-85.45,80.6,9.17
Hervey Bay,New Norfolk,75,58,-42.78,147.06,56.1,11.41
High Level,Grand Gaube,75,88,-20.01,57.66,70.81,11.41
Hilo,Dunedin,50,53,-45.87,170.5,50.01,3.42
Hithadhoo,Lampazos de Naranjo,38,39,27.02,-100.51,87.58,14.63
Hobart,Cape Town,75,93,-33.93,18.42,53.26,14.99
Hobyo,Kathmandu,75,100,27.71,85.32,69.8,2.24
Hofn,Tazovskiy,0,77,67.47,78.7,41.39,7.99
Honiara,Kryry,0,71,50.17,13.43,57.79,4.7
Honningsvag,Chuy,49,70,-33.69,-53.46,51.92,11.16
Hoquiam,Huancavelica,100,93,-12.79,-74.97,34.59,1.07
Houston,Necochea,100,77,-38.55,-58.74,48.99,11.01
Hovd,Cherskiy,100,82,68.75,161.3,49.2,11.68
Huancavelica,Lufilufi,100,62,-13.87,-171.6,86.0,5.01
Huarmey,Petukhovo,100,85,55.06,67.89,48.93,2.17
Husavik,San Patricio,51,87,-26.98,-56.83,63.75,10.0
Iberia,Saskylakh,100,37,71.97,114.09,56.89,9.19
Ikom,Boissevain,1,47,49.23,-100.06,78.71,9.17
Ilulissat,Thinadhoo,29,66,0.53,72.93,83.96,3.85
Imeni Poliny Osipenko,Mogzon,97,95,51.74,111.97,51.76,3.98
Indramayu,San Juan,0,30,-31.54,-68.53,49.6,3.83
Iqaluit,Sept-Iles,90,87,50.2,-66.38,55.71,11.41
Iracoubo,Vanimo,100,78,-2.67,141.3,81.85,6.6
Isangel,Airai,0,58,-8.93,125.41,72.69,3.22
Ishigaki,Waipawa,0,69,-39.94,176.59,50.55,1.05
Ishinomaki,Mehran,0,23,33.12,46.17,73.4,6.93
Itarema,Tagab,1,19,34.85,69.65,71.6,6.93
Iwanai,Zhezkazgan,81,79,47.8,67.71,61.21,13.85
Ixtlahuacan del Rio,Port Shepstone,0,35,-30.74,30.45,61.48,8.61
Jalu,Fernley,1,11,39.61,-119.25,69.69,14.99
Jamestown,Saint-Georges,1,73,46.12,-70.67,67.51,5.01
Jangipur,Nieuwpoort,20,82,51.13,2.75,58.64,9.17
Juneau,Omboue,0,81,-1.57,9.26,74.67,15.79
Kaitangata,Souillac,0,74,45.6,-0.6,76.05,3.36
Kandrian,Aras,17,28,42.56,-2.36,75.18,9.17
Kapaa,Formosa,1,59,-15.55,-47.33,64.77,5.75
Karratha,Meulaboh,60,79,4.14,96.13,80.99,8.9
Kasempa,Baykit,66,40,61.68,96.39,73.84,5.14
Kathmandu,Nikolskoye,90,93,59.7,30.79,55.47,11.18
Katsuura,Marsa Matruh,20,88,31.35,27.25,77.0,6.93
Kattivakkam,Dingle,95,88,11.0,122.67,77.17,7.87
Kavaratti,Nichinan,75,94,31.65,131.31,76.06,5.82
Kavieng,Nam Som,40,100,17.77,102.19,79.97,1.23
Kazanka,Georgetown,75,88,6.8,-58.16,77.85,11.41
Kenai,Vostok,100,97,46.45,135.83,50.53,2.89
Kenderes,Lebu,40,93,8.96,38.73,57.2,4.7
Kenora,Tigil,69,49,57.8,158.67,61.41,7.4
Ketchikan,Ajdabiya,0,84,30.75,20.22,76.51,11.3
Khatanga,Zhigalovo,79,69,54.81,105.15,65.22,1.57
Khunti,Los Llanos de Aridane,75,68,28.66,-17.92,66.63,14.99
Killybegs,Dudinka,0,70,69.41,86.18,48.2,13.42
Kirakira,Bulgan,100,96,48.81,103.53,45.78,10.36
Klaksvik,Coolum Beach,14,88,-26.53,153.09,62.91,1.01
Kletskaya,Hatillo,40,83,18.49,-66.83,78.58,9.17
Kodiak,Byron Bay,90,88,-28.65,153.62,64.56,4.7
Komsomolskiy,Den Helder,90,82,52.96,4.76,58.59,9.17
Kosa,Limbang,75,88,4.75,115.01,79.05,2.24
Kosh-Agach,Dois Vizinhos,60,90,-25.75,-53.06,63.01,5.88
Krasnyy Oktyabr,Ostrovnoy,100,97,68.05,39.51,39.41,18.7
Kruisfontein,Nemuro,75,93,43.32,145.57,51.8,5.82
Kryry,Baghdad,0,35,33.3,44.38,84.2,4.7
Kulhudhuffushi,Jangipur,99,72,24.46,88.11,87.22,11.92
Kviteseid,Campo Maior,100,64,-4.83,-42.16,80.63,1.95
La Paz,Praia da Vitoria,40,72,38.73,-27.07,63.63,14.0
La Rioja,Guararapes,0,83,-21.25,-50.65,69.8,9.17
La Ronge,Port-Gentil,20,94,-0.72,8.78,73.4,4.7
Labuhan,Kaitangata,54,57,-46.28,169.85,50.0,8.01
Lagoa,Podebrady,0,67,50.14,15.12,61.79,3.36
Laguna,Tessalit,0,9,20.2,1.01,91.97,8.86
Lampazos de Naranjo,Alice,0,26,-32.79,26.83,59.8,10.29
Lar,Beringovskiy,86,65,63.05,179.32,51.2,9.08
Lata,Vila,0,61,45.18,8.4,78.49,10.29
Launceston,Ampanihy,24,93,-24.69,44.75,65.94,8.95
Lavrentiya,Atasu,84,89,48.68,71.64,56.31,12.73
Le Locle,Tuatapere,63,77,-46.13,167.69,51.01,3.0
Lebane,Wagar,1,93,31.44,-87.99,69.94,7.52
Lebu,Roald,75,81,62.58,6.12,46.31,11.41
Leningradskiy,Labuhan,34,79,-2.54,115.51,77.08,1.36
Ler,Canto do Buriti,43,67,-8.11,-42.94,73.61,6.62
Lesnoye,Pisco,90,82,-13.71,-76.2,64.18,4.7
Lewistown,Nchelenge,27,62,-9.35,28.74,60.43,9.48
Liberty,Fortuna,20,72,40.6,-124.16,60.19,12.75
Liepaja,Kasempa,0,59,-13.46,25.83,51.51,5.91
Limbang,Wad Rawah,100,42,15.16,33.13,90.6,17.4
Lipari,Sembakung,20,94,3.82,117.25,78.8,5.82
Lompoc,Ulaangom,80,34,49.98,92.07,68.12,1.19
Longyearbyen,Outjo,0,37,-20.11,16.16,51.8,3.36
Lons,Corrales,45,90,5.83,-72.84,48.16,3.51
Lorengau,Sterling,1,78,39.0,-77.4,75.25,4.7
Los Llanos de Aridane,Mucurapo,20,78,10.67,-61.53,80.6,6.93
Luanda,Muros,0,93,42.77,-9.06,57.42,2.24
Luderitz,Erenhot,0,32,43.65,111.97,67.33,19.48
Lufilufi,Menongue,0,48,-14.66,17.68,53.68,4.79
Lumphat,High Level,75,60,58.52,-117.13,68.0,6.93
Maceio,Omsukchan,100,64,62.53,155.8,51.09,9.64
Madang,Muisne,75,83,0.61,-80.02,80.6,4.7
Mahebourg,Oktyabrskoye,0,82,56.73,85.44,64.44,3.42
Mahibadhoo,Diego de Almagro,0,90,-26.39,-70.05,44.81,0.58
Malanje,Pontianak,100,81,-0.02,109.34,81.31,17.58
Mamallapuram,Gamba,33,75,28.28,88.52,41.39,1.66
Manadhoo,Provideniya,90,76,64.42,-173.23,51.8,6.71
Mandalgovi,Piney Green,1,74,35.09,-78.48,84.6,5.08
Mao,Yantal,0,51,56.85,105.25,68.95,5.79
Mar del Plata,Liepaja,1,67,56.52,21.02,56.93,5.82
Marsa Matruh,Beroroha,0,86,-21.68,45.17,64.93,5.91
Martapura,Waingapu,0,70,-9.65,120.26,70.19,10.31
Mataura,Broome,9,87,52.47,1.45,55.65,8.05
Mayo,Iracoubo,100,91,5.48,-53.21,76.08,4.99
Mayor Pablo Lagerenza,Emerald,43,64,-23.53,148.16,67.46,14.99
Meadow Lake,Noumea,75,88,-22.28,166.46,69.8,10.29
Mehran,Douentza,94,25,15.01,-2.95,95.59,4.12
Menongue,La Rioja,0,45,-29.41,-66.86,46.2,1.12
Meulaboh,Qianan,100,74,44.99,124.06,63.42,5.73
Miandrivazo,Anloga,73,91,5.79,0.9,74.82,7.58
Miraflores,Cabo San Lucas,75,52,22.89,-109.91,85.23,19.46
Mogzon,Chintamani,40,100,13.4,78.05,70.75,13.87
Morant Bay,Ancud,0,80,-41.87,-73.83,35.6,8.05
Moron,Padang,60,75,-0.92,100.36,82.2,5.41
Mount Gambier,Eger,0,24,47.9,20.37,64.0,1.01
Mount Isa,Zhob,0,20,31.34,69.45,69.43,3.8
Mucurapo,Atar,0,11,20.52,-13.05,94.49,14.63
Muisne,Sawtell,40,77,-30.38,153.1,63.12,10.29
Murgab,Mount Gambier,75,62,-37.83,140.78,59.0,14.99
Muros,Rio Grande,0,100,-32.03,-52.1,51.8,4.7
Nacala,Seidu,1,97,8.32,4.47,70.84,5.26
Nam Som,Honningsvag,93,91,70.98,25.97,41.55,27.4
Namatanai,Leningradskiy,93,91,69.38,178.42,37.9,5.75
Namibe,Namibe,98,79,-15.19,12.15,64.29,12.93
Nanortalik,Bogorodskoye,21,51,52.37,140.44,62.47,5.93
Nantucket,Kviteseid,3,82,59.4,8.49,52.0,3.96
Narrabri,Ferrol,0,93,43.48,-8.23,57.88,5.82
Narsaq,Rock Sound,63,75,24.9,-76.2,82.63,11.07
Nautla,Saedinenie,5,77,42.27,24.54,66.29,4.7
Naze,La Ronge,40,56,55.1,-105.3,68.0,4.7
Nazret,Shu,69,33,43.6,73.76,71.5,6.58
Nchelenge,Coquimbo,90,81,-29.95,-71.34,53.6,4.7
Necochea,Hayden,20,59,47.77,-116.79,63.63,6.93
Nelson Bay,Maceio,0,83,-9.67,-35.74,71.6,2.24
Nemuro,Deputatskiy,0,24,69.3,139.9,67.06,5.06
New Norfolk,Lumphat,84,96,13.5,106.97,76.11,4.47
Nhulunbuy,Alofi,28,69,-19.06,-169.92,78.8,22.03
Nichinan,Kosh-Agach,45,48,49.99,88.66,57.05,4.14
Nicoya,Palmer,0,48,-34.85,139.16,64.54,20.8
Nieuwpoort,Hamilton,75,39,43.26,-79.87,80.17,2.24
Nikolskoye,Kazanka,0,72,47.83,32.83,68.0,8.95
Nioro,Dhidhdhoo,75,73,6.88,73.1,83.44,10.98
Norman Wells,Berdigestyakh,0,48,62.1,126.7,72.28,9.08
North Bend,Buckeye,1,5,33.37,-112.58,102.61,5.82
North Platte,Ciudad Bolivar,17,61,8.12,-63.55,81.87,9.53
Northam,Sitka,0,53,37.17,-99.65,87.01,11.01
Nouadhibou,Xuddur,44,76,4.12,43.89,71.32,21.54
Noumea,Osmaniye,77,90,37.07,36.26,78.01,5.01
Nova Aurora,Chernyshevskiy,14,41,63.01,112.47,78.99,1.52
Nuuk,Chumikan,20,43,54.72,135.31,69.11,7.47
Oktyabrskoye,Ketchikan,1,44,55.34,-131.65,73.94,6.93
Ola,Pangai,20,65,-19.8,-174.35,77.0,16.11
Omboue,Namatanai,87,74,-3.66,152.44,82.12,9.28
Omsukchan,Katsuura,75,88,33.93,134.5,80.04,6.93
Oranjemund,Hobyo,77,75,5.35,48.53,75.84,22.55
Osmaniye,Jalu,0,43,29.03,21.55,82.05,9.4
Ostrovnoy,Tiznit,0,86,29.7,-9.73,67.38,22.08
Outjo,Ust-Kan,30,71,50.93,84.77,57.07,1.21
Ozernovskiy,Pevek,100,96,69.7,170.27,34.69,11.81
Paamiut,Pochutla,75,74,15.74,-96.47,86.88,9.17
Pacific Grove,Hervey Bay,14,49,-25.3,152.85,73.44,17.22
Padang,Bauska,75,72,56.41,24.19,59.0,14.99
Palmer,Sobolevo,54,92,54.43,31.9,54.75,17.34
Palu,Brae,100,93,60.4,-1.35,51.8,10.29
Pandan,Laguna,40,74,16.17,-88.94,84.2,6.93
Pangai,Xichang,100,98,27.88,102.25,59.34,5.32
Panzhihua,Port Hardy,75,82,50.7,-127.42,59.0,4.7
Pasni,Pozo Colorado,89,86,-23.49,-58.8,66.25,6.49
Petropavlovsk-Kamchatskiy,Calbuco,40,93,-41.77,-73.13,37.4,5.82
Petukhovo,Sinnamary,100,80,5.38,-52.96,81.48,16.64
Pevek,Presidencia Roque Saenz Pena,34,69,-26.79,-60.44,62.79,8.63
Pinczow,Vao,45,60,59.1,26.19,57.81,15.28
Piney Green,Anadyr,40,76,64.73,177.51,51.35,17.9
Pisco,Panzhihua,97,78,26.59,101.72,71.76,1.16
Pleasanton,Mount Isa,0,49,-20.73,139.49,71.6,12.75
Pochutla,Bo Phloi,100,81,14.32,99.52,76.83,7.09
Podebrady,Bagotville,75,82,-28.98,153.42,63.43,5.82
Polyarnyy,Bud,100,76,62.91,6.91,47.05,5.82
Ponta do Sol,Constitucion,75,18,23.99,-104.67,84.11,11.41
Pontianak,Takhtamygda,99,46,54.1,123.57,67.47,2.8
Port Alfred,Alamogordo,1,12,32.9,-105.96,85.01,8.05
Port Blair,Martapura,14,80,-3.41,114.85,78.29,10.02
Port Elizabeth,Lebane,40,78,42.92,21.74,66.87,3.36
Port Hardy,Ler,75,87,63.2,10.3,48.24,13.87
Port Lincoln,Alice Springs,0,32,-23.7,133.88,57.2,8.88
Port Shepstone,Hofn,100,94,64.25,-15.21,44.83,2.37
Port-Gentil,Palu,100,93,-0.9,119.87,74.78,3.85
Port-de-Bouc,Pratapgarh,35,37,25.92,82.0,93.39,12.8
Portland,Verkhovazhye,99,85,60.75,42.05,46.38,4.56
Pozo Colorado,Kenai,1,60,60.55,-151.26,72.34,6.93
Praia,Huarmey,16,88,-10.07,-78.15,63.57,16.98
Praia da Vitoria,Rio Branco,40,100,-9.98,-67.82,75.2,2.55
Pratapgarh,Qandala,2,46,11.47,49.87,90.98,27.11
Presidencia Roque Saenz Pena,Westport,1,39,41.14,-73.36,78.33,3.36
Prince Rupert,Praia,0,72,-20.25,-43.81,68.0,5.82
Provideniya,East London,0,26,-33.02,27.91,62.09,5.95
Puerto Ayora,Kattivakkam,75,74,13.22,80.32,84.96,5.82
Punta Arenas,Krasnyy Oktyabr,100,97,56.12,38.88,55.74,12.95
Puri,Ushtobe,0,25,45.25,77.98,76.87,8.55
Qaanaaq,Nioro,27,71,13.79,-15.05,79.32,15.68
Qandala,Yulara,0,33,-25.24,130.99,57.2,7.61
Qaqortoq,Vardo,1,61,39.62,-77.74,75.4,4.7
Qianan,Zaokskiy,34,93,54.73,37.4,60.8,13.42
Quatre Cocos,Portland,90,88,43.66,-70.25,62.87,4.7
Raudeberg,Calamar,2,98,1.96,-72.65,72.53,1.92
Rawson,Morant Bay,40,58,17.88,-76.41,86.0,4.7
Ribeira Grande,Komsomolskiy,90,79,67.55,63.78,50.59,6.53
Richards Bay,Malanje,0,78,-9.54,16.35,57.36,1.99
Rikitea,Esqueda,2,16,30.72,-109.59,91.29,9.15
Rio Branco,Taua,81,72,-3.62,-49.62,78.13,1.99
Rio Grande,Sangar,0,40,63.92,127.47,78.09,4.72
Roald,Tocopilla,52,79,-22.09,-70.2,58.6,5.06
Rocha,Berlevag,91,88,70.86,29.09,41.71,23.2
Rochester,Lipari,5,65,38.47,14.95,78.58,4.7
Rock Sound,San Quintin,100,97,17.54,120.52,74.04,4.16
Rundu,Codrington,75,82,-28.95,153.24,63.41,5.82
Saedinenie,Honiara,40,66,-9.43,159.96,87.8,5.82
Saint Anthony,La Paz,20,24,24.15,-110.32,92.37,11.41
Saint George,Liberty,1,65,39.64,-84.93,83.48,6.93
Saint Pete Beach,Kirakira,100,78,-10.46,161.92,80.31,5.61
Saint-Georges,Juneau,40,30,58.3,-134.42,80.6,17.22
Saint-Philippe,Acapulco,75,74,16.86,-99.88,86.0,9.17
Saint-Pierre,Valparaiso,1,55,41.47,-87.06,84.49,3.36
Saldanha,Zaysan,100,34,47.47,84.87,66.16,6.93
San Andres,Tari,0,55,12.41,4.49,86.34,12.55
San Juan,Te Anau,55,77,-45.41,167.72,46.2,4.94
San Patricio,Bhairab Bazar,75,94,24.06,90.98,83.37,3.36
San Policarpo,Chifeng,100,83,42.27,118.96,62.59,3.6
San Quintin,Aykhal,75,52,65.95,111.51,66.2,2.24
Sangar,Avera,1,51,33.19,-82.53,85.86,4.7
Santa Marta,Nantucket,90,93,41.28,-70.1,63.9,6.93
Santana do Acarau,Don Benito,0,54,38.95,-5.86,71.01,5.99
Santana do Livramento,Geri,94,76,35.67,100.55,49.47,4.65
Sao Filipe,Raudeberg,70,81,61.99,5.14,48.96,4.7
Sao Gabriel da Cachoeira,Mayor Pablo Lagerenza,85,56,-19.93,-60.77,79.37,12.55
Sao Joao da Barra,Balkanabat,32,31,39.51,54.36,89.16,7.76
Sao Jose da Coroa Grande,Estelle,0,64,43.97,3.47,73.72,3.96
Saskylakh,Tarakan,20,94,3.3,117.63,78.8,5.82
Sawtell,Dallas,1,62,32.78,-96.8,87.91,6.93
Seidu,Boa Vista,40,83,2.82,-60.67,78.8,4.7
Sembakung,Bilma,66,14,18.69,12.92,91.07,8.08
Sept-Iles,Pandan,100,76,11.72,122.09,83.69,18.39
Severo-Kurilsk,Vila Velha,40,78,-3.71,-38.6,80.28,12.75
Shahreza,Isangel,90,94,-19.55,169.27,75.2,4.21
Shelabolikha,Pinczow,16,75,50.52,20.53,59.88,3.0
Shenzhen,Rochester,40,88,44.02,-92.46,72.37,3.67
Shingu,Broken Hill,40,55,-31.97,141.45,62.6,19.46
Shu,Lewistown,1,51,40.39,-90.15,84.94,3.36
Sinnamary,Aljezur,0,93,37.31,-8.8,65.08,1.01
Sitka,Sao Jose da Coroa Grande,3,91,-8.9,-35.15,69.79,4.38
Sivas,Lar,0,30,27.66,54.32,84.2,1.77
Skibbereen,Lons,40,88,43.32,-0.41,68.92,14.99
Skjervoy,Basco,75,62,40.33,-91.2,86.7,9.01
Sobolevo,Bezhanitsy,100,96,56.97,29.88,53.52,10.8
Sorland,Belyy Yar,0,82,53.6,91.39,64.4,3.4
Souillac,Kandrian,79,82,-6.21,149.55,79.26,6.31
Soyo,Imeni Poliny Osipenko,100,46,52.42,136.49,67.81,4.16
Springfield,Doha,0,46,25.29,51.53,91.36,5.82
Spruce Grove,Gloversville,1,53,43.05,-74.34,74.89,3.36
Sterling,Agua Prieta,1,13,31.32,-109.55,95.13,9.17
Sur,Petropavlovsk-Kamchatskiy,20,62,53.05,158.65,57.2,4.47
Szabadbattyan,Tateyama,75,94,36.66,137.31,75.29,5.82
Taber,Nelson Bay,20,82,-32.72,152.14,62.56,3.36
Tagab,Yomou,37,99,7.57,-9.26,70.69,2.1
Taizhou,Rundu,0,41,-17.91,19.77,60.8,3.36
Takhtamygda,Nhulunbuy,40,74,-12.18,136.78,78.8,12.75
Talcahuano,Ixtlahuacan del Rio,40,32,20.87,-103.25,84.2,4.7
Talnakh,Hoquiam,90,77,46.98,-123.89,62.19,10.29
Taltal,Kruisfontein,0,19,-34.0,24.73,54.4,10.63
Tanhacu,Yashkul,1,51,46.17,45.34,79.17,12.55
Tarakan,Tura,82,58,64.27,100.22,72.93,6.02
Tari,Indramayu,96,90,-4.05,103.78,66.91,2.95
Tasiilaq,Angoche,6,97,-16.23,39.91,63.66,5.08
Tateyama,Shenzhen,40,89,22.54,114.05,86.63,8.95
Taua,San Andres,100,78,13.32,122.68,83.04,13.44
Taunggyi,Shingu,75,88,33.72,135.99,77.0,3.36
Tautira,Nautla,1,77,20.22,-96.78,82.88,10.47
Tazovskiy,Biak,100,96,-0.91,122.88,65.24,5.19
Te Anau,Skibbereen,75,72,51.55,-9.27,64.4,23.04
Tecoanapa,Nacala,0,86,-14.56,40.69,64.65,7.87
Terny,Iqaluit,40,62,63.75,-68.52,50.76,3.36
Tessalit,Glendive,1,38,47.11,-104.71,84.02,17.22
Thinadhoo,Mamallapuram,75,74,12.63,80.17,84.88,5.82
Thompson,Eten,0,29,-6.91,-79.86,66.2,18.34
Tigil,Atikokan,100,38,48.76,-91.62,78.54,5.7
Tiksi,Ola,26,71,59.58,151.3,52.44,6.26
Tilichiki,Clyde,52,90,-45.19,169.32,41.16,3.11
Tingi,Zhuhai,40,82,40.71,112.04,62.6,4.47
Tiznit,Grindavik,90,100,63.84,-22.43,53.92,17.22
Tocopilla,Kavieng,100,77,-2.57,150.8,84.41,14.81
Torbay,Narsaq,62,70,60.91,-46.05,48.2,5.82
Trairi,Trat,90,94,12.25,102.51,82.09,3.36
Trat,Kulhudhuffushi,28,73,6.62,73.07,83.28,9.57
Tuatapere,Skjervoy,100,89,70.03,20.97,42.31,30.29
Tuktoyaktuk,Batagay,42,32,67.65,134.64,77.07,11.56
Tura,Ishigaki,40,84,24.34,124.16,86.0,16.11
Uchkeken,Santana do Acarau,39,78,-3.46,-40.21,74.17,4.16
Ukrayinka,Santana do Livramento,0,94,-30.89,-55.53,50.55,11.68
Ulaangom,Arlit,72,18,18.74,7.39,96.45,3.98
Upernavik,San Policarpo,100,79,12.18,125.51,80.41,3.8
Upington,Kenderes,0,88,47.25,20.67,68.43,4.7
Urucara,Richards Bay,0,63,-28.77,32.06,70.44,24.58
Ushtobe,Kavaratti,45,75,10.57,72.64,83.11,16.08
Ushuaia,Pleasanton,1,29,37.66,-121.87,69.24,14.99
Ust-Kan,Celestun,79,79,20.87,-90.4,82.66,26.11
Vaini,Dalbandin,0,8,28.9,64.41,83.46,8.28
Valparaiso,Northam,75,87,-31.65,116.67,46.4,9.17
Vanimo,Nova Aurora,0,57,-18.06,-48.26,69.4,6.76
Vao,Sao Gabriel da Cachoeira,8,83,-0.13,-67.09,76.76,1.61
Vardo,Varhaug,20,81,58.61,5.65,51.76,12.75
Varhaug,Black Diamond,90,100,50.69,-114.23,58.14,2.24
Verkhovazhye,Murgab,75,39,37.5,61.97,78.8,6.93
Vestmanna,Torbay,90,93,47.66,-52.73,48.67,2.24
Victoria,Boguchany,0,47,58.38,97.46,70.95,2.51
Vidim,Alexandria,28,80,43.97,25.33,70.57,6.38
Vila,Sur,0,64,22.57,59.53,84.86,14.38
Vila Velha,Calabozo,23,86,8.92,-67.43,76.49,5.08
Vostok,Bonthe,98,90,7.53,-12.5,77.43,7.96
Wad Rawah,Auki,17,76,12.18,6.51,76.98,9.78
Wagar,Manadhoo,19,73,5.77,73.38,83.35,9.13
Waingapu,Santa Marta,75,55,11.24,-74.21,87.8,11.41
Waipawa,Goderich,0,54,43.74,-81.71,76.6,4.0
Wajima,Camapua,30,62,-19.53,-54.04,68.82,6.26
Wajir,Spruce Grove,75,68,53.55,-113.9,65.97,9.17
Werda,Xining,97,85,36.62,101.77,46.52,1.59
Westport,Kletskaya,20,73,49.31,43.06,57.0,10.0
Xichang,Hambantota,100,76,6.12,81.12,82.56,19.06
Xining,Szabadbattyan,0,40,47.12,18.37,72.5,1.99
Xuddur,Burirao,95,88,11.04,122.5,77.17,7.87
Yantal,Amahai,69,87,-3.31,129.0,84.99,9.95
Yar-Sale,Launceston,97,76,-41.43,147.14,52.47,12.75
Yashkul,Gambo,97,99,4.65,22.26,66.88,2.06
Yellowknife,Bandarbeyla,100,57,9.49,50.81,78.42,29.04
Yerbogachen,Pasni,36,95,25.26,63.48,78.54,1.99
Yomou,Ozernovskiy,100,98,51.5,156.52,40.2,2.21
Yulara,Coahuayana,100,68,18.62,-100.35,81.12,3.02
Zaokskiy,Esmeraldas,0,72,-19.76,-44.31,68.0,6.93
Zaysan,Kosa,75,100,32.67,130.82,72.79,4.7
Zhezkazgan,Bonavista,92,82,48.65,-53.11,46.0,3.0
Zhigalovo,Taber,75,72,49.79,-112.14,61.68,2.24
Zhob,Mao,75,94,19.55,-71.08,78.1,6.93
Zhuhai,Narrabri,0,55,-30.33,149.78,62.56,5.82
